{"cameraMode":{"drawMode":0,"name":"Shaded","section":"Shading Mode"},"sceneLighting":true,"audioPlay":false,"sceneViewState":{"m_AlwaysRefresh":false,"showFog":true,"showSkybox":true,"showFlares":true,"showImageEffects":true,"showParticleSystems":true,"showVisualEffectGraphs":true,"m_FxEnabled":true},"in2DMode":false,"pivot":{"x":4.939591884613037,"y":0.9613986015319824,"z":-0.8312606811523438},"rotation":{"x":0.001657721120864153,"y":0.9982094168663025,"z":-0.049761813133955,"w":0.03325359895825386},"size":10.741411209106446,"orthographic":false}